date,time,price
20210402,1530,27485
20210402,1519,27465
20210402,1518,27465
20210402,1517,27455
20210402,1516,27445
20210402,1515,27445
20210402,1514,27430
20210402,1513,27425
20210402,1512,27425
20210402,1511,27435
20210402,1510,27440
20210402,1509,27435
20210402,1508,27450
20210402,1507,27460
20210402,1506,27450
20210402,1505,27465
20210402,1504,27465
20210402,1503,27475
20210402,1502,27485
20210402,1501,27490
20210402,1500,27485
20210402,1459,27465
20210402,1458,27455
20210402,1457,27460
20210402,1456,27475
20210402,1455,27480
20210402,1454,27475
20210402,1453,27465
20210402,1452,27455
20210402,1451,27445
20210402,1450,27445
20210402,1449,27430
20210402,1448,27430
20210402,1447,27440
20210402,1446,27450
20210402,1445,27450
20210402,1444,27440
20210402,1443,27435
20210402,1442,27440
20210402,1441,27420
20210402,1440,27405
20210402,1439,27400
20210402,1438,27415
20210402,1437,27415
20210402,1436,27415
20210402,1435,27425
20210402,1434,27420
20210402,1433,27445
20210402,1432,27440
20210402,1431,27425
20210402,1430,27440
20210402,1429,27435
20210402,1428,27430
20210402,1427,27425
20210402,1426,27415
20210402,1425,27395
20210402,1424,27385
20210402,1423,27385
20210402,1422,27385
20210402,1421,27370
20210402,1420,27370
20210402,1419,27390
20210402,1418,27380
20210402,1417,27365
20210402,1416,27385
20210402,1415,27405
20210402,1414,27410
20210402,1413,27400
20210402,1412,27370
20210402,1411,27370
20210402,1410,27390
20210402,1409,27400
20210402,1408,27405
20210402,1407,27400
20210402,1406,27385
20210402,1405,27380
20210402,1404,27385
20210402,1403,27400
20210402,1402,27410
20210402,1401,27415
20210402,1400,27385
20210402,1359,27395
20210402,1358,27390
20210402,1357,27370
20210402,1356,27375
20210402,1355,27350
20210402,1354,27330
20210402,1353,27315
20210402,1352,27320
20210402,1351,27345
20210402,1350,27325
20210402,1349,27315
20210402,1348,27315
20210402,1347,27330
20210402,1346,27325
20210402,1345,27330
20210402,1344,27335
20210402,1343,27320
20210402,1342,27355
20210402,1341,27350
20210402,1340,27325
20210402,1339,27325
20210402,1338,27330
20210402,1337,27335
20210402,1336,27355
20210402,1335,27360
20210402,1334,27355
20210402,1333,27345
20210402,1332,27360
20210402,1331,27355
20210402,1330,27315
20210402,1329,27335
20210402,1328,27335
20210402,1327,27315
20210402,1326,27320
20210402,1325,27340
20210402,1324,27350
20210402,1323,27345
20210402,1322,27325
20210402,1321,27340
20210402,1320,27310
20210402,1319,27345
20210402,1318,27365
20210402,1317,27385
20210402,1316,27410
20210402,1315,27415
20210402,1314,27425
20210402,1313,27435
20210402,1312,27425
20210402,1311,27390
20210402,1310,27380
20210402,1309,27395
20210402,1308,27390
20210402,1307,27370
20210402,1306,27370
20210402,1305,27375
20210402,1304,27385
20210402,1303,27405
20210402,1302,27375
20210402,1301,27380
20210402,1300,27375
20210402,1259,27410
20210402,1258,27410
20210402,1257,27410
20210402,1256,27405
20210402,1255,27405
20210402,1254,27410
20210402,1253,27395
20210402,1252,27415
20210402,1251,27415
20210402,1250,27425
20210402,1249,27425
20210402,1248,27420
20210402,1247,27435
20210402,1246,27440
20210402,1245,27455
20210402,1244,27440
20210402,1243,27430
20210402,1242,27445
20210402,1241,27430
20210402,1240,27430
20210402,1239,27420
20210402,1238,27420
20210402,1237,27425
20210402,1236,27430
20210402,1235,27430
20210402,1234,27425
20210402,1233,27420
20210402,1232,27415
20210402,1231,27430
20210402,1230,27455
20210402,1229,27440
20210402,1228,27440
20210402,1227,27435
20210402,1226,27410
20210402,1225,27400
20210402,1224,27405
20210402,1223,27380
20210402,1222,27375
20210402,1221,27395
20210402,1220,27395
20210402,1219,27410
20210402,1218,27405
20210402,1217,27395
20210402,1216,27385
20210402,1215,27385
20210402,1214,27370
20210402,1213,27385
20210402,1212,27425
20210402,1211,27430
20210402,1210,27420
20210402,1209,27435
20210402,1208,27430
20210402,1207,27445
20210402,1206,27455
20210402,1205,27465
20210402,1204,27460
20210402,1203,27455
20210402,1202,27480
20210402,1201,27485
20210402,1200,27500
20210402,1159,27525
20210402,1158,27515
20210402,1157,27520
20210402,1156,27525
20210402,1155,27530
20210402,1154,27530
20210402,1153,27540
20210402,1152,27555
20210402,1151,27555
20210402,1150,27535
20210402,1149,27545
20210402,1148,27550
20210402,1147,27555
20210402,1146,27555
20210402,1145,27565
20210402,1144,27555
20210402,1143,27550
20210402,1142,27540
20210402,1141,27525
20210402,1140,27530
20210402,1139,27520
20210402,1138,27540
20210402,1137,27560
20210402,1136,27555
20210402,1135,27555
20210402,1134,27540
20210402,1133,27545
20210402,1132,27535
20210402,1131,27520
20210402,1130,27515
20210402,1129,27505
20210402,1128,27495
20210402,1127,27505
20210402,1126,27505
20210402,1125,27495
20210402,1124,27495
20210402,1123,27495
20210402,1122,27500
20210402,1121,27505
20210402,1120,27505
20210402,1119,27505
20210402,1118,27530
20210402,1117,27510
20210402,1116,27510
20210402,1115,27515
20210402,1114,27515
20210402,1113,27500
20210402,1112,27495
20210402,1111,27500
20210402,1110,27510
20210402,1109,27510
20210402,1108,27510
20210402,1107,27545
20210402,1106,27570
20210402,1105,27585
20210402,1104,27585
20210402,1103,27575
20210402,1102,27580
20210402,1101,27580
20210402,1100,27575
20210402,1059,27540
20210402,1058,27540
20210402,1057,27515
20210402,1056,27520
20210402,1055,27520
20210402,1054,27520
20210402,1053,27520
20210402,1052,27515
20210402,1051,27515
20210402,1050,27515
20210402,1049,27535
20210402,1048,27545
20210402,1047,27555
20210402,1046,27560
20210402,1045,27535
20210402,1044,27535
20210402,1043,27565
20210402,1042,27580
20210402,1041,27600
20210402,1040,27610
20210402,1039,27610
20210402,1038,27610
20210402,1037,27610
20210402,1036,27590
20210402,1035,27575
20210402,1034,27585
20210402,1033,27560
20210402,1032,27565
20210402,1031,27565
20210402,1030,27570
20210402,1029,27585
20210402,1028,27565
20210402,1027,27540
20210402,1026,27555
20210402,1025,27560
20210402,1024,27560
20210402,1023,27570
20210402,1022,27575
20210402,1021,27555
20210402,1020,27565
20210402,1019,27535
20210402,1018,27525
20210402,1017,27520
20210402,1016,27530
20210402,1015,27575
20210402,1014,27615
20210402,1013,27615
20210402,1012,27585
20210402,1011,27580
20210402,1010,27600
20210402,1009,27585
20210402,1008,27585
20210402,1007,27585
20210402,1006,27550
20210402,1005,27520
20210402,1004,27540
20210402,1003,27550
20210402,1002,27550
20210402,1001,27525
20210402,1000,27520
20210402,0959,27510
20210402,0958,27515
20210402,0957,27520
20210402,0956,27525
20210402,0955,27540
20210402,0954,27515
20210402,0953,27530
20210402,0952,27560
20210402,0951,27585
20210402,0950,27545
20210402,0949,27550
20210402,0948,27550
20210402,0947,27540
20210402,0946,27525
20210402,0945,27510
20210402,0944,27495
20210402,0943,27510
20210402,0942,27515
20210402,0941,27520
20210402,0940,27510
20210402,0939,27515
20210402,0938,27540
20210402,0937,27535
20210402,0936,27545
20210402,0935,27565
20210402,0934,27540
20210402,0933,27540
20210402,0932,27575
20210402,0931,27560
20210402,0930,27605
20210402,0929,27610
20210402,0928,27615
20210402,0927,27605
20210402,0926,27615
20210402,0925,27615
20210402,0924,27570
20210402,0923,27605
20210402,0922,27610
20210402,0921,27620
20210402,0920,27640
20210402,0919,27590
20210402,0918,27575
20210402,0917,27545
20210402,0916,27525
20210402,0915,27535
20210402,0914,27545
20210402,0913,27540
20210402,0912,27570
20210402,0911,27580
20210402,0910,27570
20210402,0909,27590
20210402,0908,27560
20210402,0907,27515
20210402,0906,27480
20210402,0905,27415
20210402,0904,27400
20210402,0903,27415
20210402,0902,27385
20210402,0901,27445
20210402,0900,27360
20210405,1530,27590
20210405,1519,27590
20210405,1518,27595
20210405,1517,27600
20210405,1516,27595
20210405,1515,27590
20210405,1514,27590
20210405,1513,27595
20210405,1512,27590
20210405,1511,27580
20210405,1510,27565
20210405,1509,27575
20210405,1508,27575
20210405,1507,27590
20210405,1506,27590
20210405,1505,27590
20210405,1504,27595
20210405,1503,27570
20210405,1502,27570
20210405,1501,27575
20210405,1500,27575
20210405,1459,27580
20210405,1458,27580
20210405,1457,27570
20210405,1456,27590
20210405,1455,27585
20210405,1454,27605
20210405,1453,27605
20210405,1452,27600
20210405,1451,27620
20210405,1450,27615
20210405,1449,27610
20210405,1448,27620
20210405,1447,27615
20210405,1446,27620
20210405,1445,27620
20210405,1444,27635
20210405,1443,27630
20210405,1442,27630
20210405,1441,27640
20210405,1440,27630
20210405,1439,27615
20210405,1438,27625
20210405,1437,27620
20210405,1436,27625
20210405,1435,27620
20210405,1434,27615
20210405,1433,27615
20210405,1432,27600
20210405,1431,27595
20210405,1430,27585
20210405,1429,27570
20210405,1428,27570
20210405,1427,27550
20210405,1426,27545
20210405,1425,27545
20210405,1424,27555
20210405,1423,27560
20210405,1422,27560
20210405,1421,27565
20210405,1420,27550
20210405,1419,27560
20210405,1418,27545
20210405,1417,27545
20210405,1416,27545
20210405,1415,27540
20210405,1414,27530
20210405,1413,27540
20210405,1412,27535
20210405,1411,27545
20210405,1410,27520
20210405,1409,27500
20210405,1408,27495
20210405,1407,27490
20210405,1406,27495
20210405,1405,27480
20210405,1404,27490
20210405,1403,27485
20210405,1402,27485
20210405,1401,27485
20210405,1400,27485
20210405,1359,27490
20210405,1358,27490
20210405,1357,27480
20210405,1356,27495
20210405,1355,27485
20210405,1354,27480
20210405,1353,27495
20210405,1352,27500
20210405,1351,27495
20210405,1350,27485
20210405,1349,27485
20210405,1348,27475
20210405,1347,27480
20210405,1346,27475
20210405,1345,27475
20210405,1344,27490
20210405,1343,27495
20210405,1342,27490
20210405,1341,27470
20210405,1340,27465
20210405,1339,27470
20210405,1338,27475
20210405,1337,27490
20210405,1336,27495
20210405,1335,27485
20210405,1334,27495
20210405,1333,27505
20210405,1332,27500
20210405,1331,27490
20210405,1330,27485
20210405,1329,27500
20210405,1328,27495
20210405,1327,27490
20210405,1326,27500
20210405,1325,27500
20210405,1324,27490
20210405,1323,27510
20210405,1322,27520
20210405,1321,27500
20210405,1320,27480
20210405,1319,27465
20210405,1318,27480
20210405,1317,27495
20210405,1316,27490
20210405,1315,27500
20210405,1314,27495
20210405,1313,27505
20210405,1312,27490
20210405,1311,27505
20210405,1310,27500
20210405,1309,27490
20210405,1308,27480
20210405,1307,27490
20210405,1306,27500
20210405,1305,27490
20210405,1304,27490
20210405,1303,27485
20210405,1302,27485
20210405,1301,27480
20210405,1300,27475
20210405,1259,27440
20210405,1258,27440
20210405,1257,27440
20210405,1256,27440
20210405,1255,27450
20210405,1254,27450
20210405,1253,27445
20210405,1252,27440
20210405,1251,27435
20210405,1250,27430
20210405,1249,27425
20210405,1248,27420
20210405,1247,27410
20210405,1246,27415
20210405,1245,27405
20210405,1244,27400
20210405,1243,27405
20210405,1242,27400
20210405,1241,27395
20210405,1240,27420
20210405,1239,27410
20210405,1238,27405
20210405,1237,27420
20210405,1236,27410
20210405,1235,27400
20210405,1234,27400
20210405,1233,27395
20210405,1232,27395
20210405,1231,27415
20210405,1230,27420
20210405,1229,27405
20210405,1228,27410
20210405,1227,27400
20210405,1226,27400
20210405,1225,27380
20210405,1224,27405
20210405,1223,27415
20210405,1222,27425
20210405,1221,27420
20210405,1220,27415
20210405,1219,27410
20210405,1218,27420
20210405,1217,27435
20210405,1216,27435
20210405,1215,27420
20210405,1214,27410
20210405,1213,27415
20210405,1212,27410
20210405,1211,27410
20210405,1210,27425
20210405,1209,27420
20210405,1208,27425
20210405,1207,27435
20210405,1206,27435
20210405,1205,27430
20210405,1204,27440
20210405,1203,27430
20210405,1202,27410
20210405,1201,27425
20210405,1200,27410
20210405,1159,27420
20210405,1158,27420
20210405,1157,27405
20210405,1156,27415
20210405,1155,27435
20210405,1154,27440
20210405,1153,27455
20210405,1152,27445
20210405,1151,27455
20210405,1150,27490
20210405,1149,27510
20210405,1148,27510
20210405,1147,27515
20210405,1146,27505
20210405,1145,27485
20210405,1144,27515
20210405,1143,27510
20210405,1142,27520
20210405,1141,27520
20210405,1140,27530
20210405,1139,27485
20210405,1138,27500
20210405,1137,27480
20210405,1136,27455
20210405,1135,27455
20210405,1134,27450
20210405,1133,27460
20210405,1132,27445
20210405,1131,27460
20210405,1130,27470
20210405,1129,27465
20210405,1128,27460
20210405,1127,27485
20210405,1126,27480
20210405,1125,27495
20210405,1124,27515
20210405,1123,27505
20210405,1122,27505
20210405,1121,27475
20210405,1120,27490
20210405,1119,27460
20210405,1118,27465
20210405,1117,27500
20210405,1116,27485
20210405,1115,27485
20210405,1114,27470
20210405,1113,27480
20210405,1112,27480
20210405,1111,27505
20210405,1110,27495
20210405,1109,27535
20210405,1108,27505
20210405,1107,27530
20210405,1106,27530
20210405,1105,27505
20210405,1104,27520
20210405,1103,27505
20210405,1102,27500
20210405,1101,27475
20210405,1100,27460
20210405,1059,27430
20210405,1058,27450
20210405,1057,27430
20210405,1056,27425
20210405,1055,27435
20210405,1054,27435
20210405,1053,27400
20210405,1052,27395
20210405,1051,27385
20210405,1050,27400
20210405,1049,27390
20210405,1048,27410
20210405,1047,27370
20210405,1046,27365
20210405,1045,27375
20210405,1044,27325
20210405,1043,27320
20210405,1042,27320
20210405,1041,27310
20210405,1040,27295
20210405,1039,27325
20210405,1038,27335
20210405,1037,27310
20210405,1036,27310
20210405,1035,27310
20210405,1034,27300
20210405,1033,27290
20210405,1032,27290
20210405,1031,27310
20210405,1030,27340
20210405,1029,27350
20210405,1028,27335
20210405,1027,27340
20210405,1026,27345
20210405,1025,27350
20210405,1024,27375
20210405,1023,27375
20210405,1022,27375
20210405,1021,27390
20210405,1020,27365
20210405,1019,27365
20210405,1018,27360
20210405,1017,27345
20210405,1016,27340
20210405,1015,27345
20210405,1014,27355
20210405,1013,27360
20210405,1012,27385
20210405,1011,27370
20210405,1010,27375
20210405,1009,27385
20210405,1008,27405
20210405,1007,27385
20210405,1006,27370
20210405,1005,27380
20210405,1004,27375
20210405,1003,27375
20210405,1002,27385
20210405,1001,27395
20210405,1000,27410
20210405,0959,27415
20210405,0958,27435
20210405,0957,27415
20210405,0956,27410
20210405,0955,27375
20210405,0954,27390
20210405,0953,27390
20210405,0952,27390
20210405,0951,27400
20210405,0950,27385
20210405,0949,27395
20210405,0948,27390
20210405,0947,27360
20210405,0946,27355
20210405,0945,27350
20210405,0944,27355
20210405,0943,27365
20210405,0942,27360
20210405,0941,27365
20210405,0940,27360
20210405,0939,27385
20210405,0938,27395
20210405,0937,27420
20210405,0936,27405
20210405,0935,27410
20210405,0934,27405
20210405,0933,27385
20210405,0932,27360
20210405,0931,27380
20210405,0930,27395
20210405,0929,27400
20210405,0928,27410
20210405,0927,27430
20210405,0926,27425
20210405,0925,27415
20210405,0924,27410
20210405,0923,27400
20210405,0922,27405
20210405,0921,27420
20210405,0920,27420
20210405,0919,27430
20210405,0918,27425
20210405,0917,27400
20210405,0916,27435
20210405,0915,27445
20210405,0914,27450
20210405,0913,27450
20210405,0912,27450
20210405,0911,27430
20210405,0910,27445
20210405,0909,27485
20210405,0908,27515
20210405,0907,27500
20210405,0906,27535
20210405,0905,27580
20210405,0904,27575
20210405,0903,27550
20210405,0902,27615
20210405,0901,27655
20210405,0900,27665
20210406,1530,27675
20210406,1519,27670
20210406,1518,27670
20210406,1517,27665
20210406,1516,27660
20210406,1515,27675
20210406,1514,27680
20210406,1513,27665
20210406,1512,27670
20210406,1511,27665
20210406,1510,27670
20210406,1509,27675
20210406,1508,27685
20210406,1507,27695
20210406,1506,27690
20210406,1505,27695
20210406,1504,27685
20210406,1503,27665
20210406,1502,27660
20210406,1501,27685
20210406,1500,27660
20210406,1459,27675
20210406,1458,27680
20210406,1457,27665
20210406,1456,27675
20210406,1455,27680
20210406,1454,27690
20210406,1453,27695
20210406,1452,27695
20210406,1451,27695
20210406,1450,27680
20210406,1449,27700
20210406,1448,27665
20210406,1447,27660
20210406,1446,27685
20210406,1445,27680
20210406,1444,27690
20210406,1443,27705
20210406,1442,27710
20210406,1441,27700
20210406,1440,27690
20210406,1439,27700
20210406,1438,27710
20210406,1437,27710
20210406,1436,27725
20210406,1435,27725
20210406,1434,27740
20210406,1433,27740
20210406,1432,27735
20210406,1431,27725
20210406,1430,27720
20210406,1429,27725
20210406,1428,27720
20210406,1427,27745
20210406,1426,27755
20210406,1425,27745
20210406,1424,27730
20210406,1423,27725
20210406,1422,27725
20210406,1421,27730
20210406,1420,27715
20210406,1419,27725
20210406,1418,27715
20210406,1417,27710
20210406,1416,27710
20210406,1415,27695
20210406,1414,27705
20210406,1413,27715
20210406,1412,27695
20210406,1411,27695
20210406,1410,27685
20210406,1409,27675
20210406,1408,27655
20210406,1407,27660
20210406,1406,27650
20210406,1405,27650
20210406,1404,27655
20210406,1403,27665
20210406,1402,27645
20210406,1401,27640
20210406,1400,27645
20210406,1359,27655
20210406,1358,27655
20210406,1357,27655
20210406,1356,27655
20210406,1355,27655
20210406,1354,27645
20210406,1353,27645
20210406,1352,27655
20210406,1351,27670
20210406,1350,27660
20210406,1349,27665
20210406,1348,27645
20210406,1347,27640
20210406,1346,27660
20210406,1345,27670
20210406,1344,27665
20210406,1343,27670
20210406,1342,27665
20210406,1341,27690
20210406,1340,27695
20210406,1339,27705
20210406,1338,27685
20210406,1337,27695
20210406,1336,27675
20210406,1335,27675
20210406,1334,27675
20210406,1333,27660
20210406,1332,27655
20210406,1331,27675
20210406,1330,27675
20210406,1329,27670
20210406,1328,27670
20210406,1327,27660
20210406,1326,27645
20210406,1325,27655
20210406,1324,27655
20210406,1323,27640
20210406,1322,27630
20210406,1321,27600
20210406,1320,27575
20210406,1319,27575
20210406,1318,27580
20210406,1317,27580
20210406,1316,27555
20210406,1315,27560
20210406,1314,27590
20210406,1313,27565
20210406,1312,27570
20210406,1311,27545
20210406,1310,27565
20210406,1309,27560
20210406,1308,27560
20210406,1307,27565
20210406,1306,27565
20210406,1305,27565
20210406,1304,27570
20210406,1303,27555
20210406,1302,27550
20210406,1301,27570
20210406,1300,27580
20210406,1259,27565
20210406,1258,27555
20210406,1257,27555
20210406,1256,27560
20210406,1255,27555
20210406,1254,27560
20210406,1253,27565
20210406,1252,27565
20210406,1251,27550
20210406,1250,27555
20210406,1249,27565
20210406,1248,27560
20210406,1247,27540
20210406,1246,27555
20210406,1245,27565
20210406,1244,27555
20210406,1243,27555
20210406,1242,27535
20210406,1241,27535
20210406,1240,27520
20210406,1239,27530
20210406,1238,27520
20210406,1237,27510
20210406,1236,27525
20210406,1235,27500
20210406,1234,27510
20210406,1233,27475
20210406,1232,27480
20210406,1231,27485
20210406,1230,27495
20210406,1229,27550
20210406,1228,27535
20210406,1227,27530
20210406,1226,27545
20210406,1225,27555
20210406,1224,27550
20210406,1223,27550
20210406,1222,27540
20210406,1221,27550
20210406,1220,27555
20210406,1219,27565
20210406,1218,27535
20210406,1217,27530
20210406,1216,27525
20210406,1215,27565
20210406,1214,27575
20210406,1213,27605
20210406,1212,27600
20210406,1211,27575
20210406,1210,27535
20210406,1209,27545
20210406,1208,27555
20210406,1207,27555
20210406,1206,27585
20210406,1205,27575
20210406,1204,27570
20210406,1203,27565
20210406,1202,27575
20210406,1201,27600
20210406,1200,27590
20210406,1159,27570
20210406,1158,27565
20210406,1157,27560
20210406,1156,27570
20210406,1155,27545
20210406,1154,27535
20210406,1153,27535
20210406,1152,27545
20210406,1151,27545
20210406,1150,27560
20210406,1149,27560
20210406,1148,27565
20210406,1147,27565
20210406,1146,27545
20210406,1145,27545
20210406,1144,27500
20210406,1143,27490
20210406,1142,27455
20210406,1141,27460
20210406,1140,27470
20210406,1139,27505
20210406,1138,27500
20210406,1137,27475
20210406,1136,27470
20210406,1135,27460
20210406,1134,27460
20210406,1133,27435
20210406,1132,27425
20210406,1131,27455
20210406,1130,27450
20210406,1129,27465
20210406,1128,27460
20210406,1127,27455
20210406,1126,27470
20210406,1125,27475
20210406,1124,27460
20210406,1123,27475
20210406,1122,27480
20210406,1121,27485
20210406,1120,27495
20210406,1119,27465
20210406,1118,27460
20210406,1117,27480
20210406,1116,27455
20210406,1115,27430
20210406,1114,27425
20210406,1113,27425
20210406,1112,27400
20210406,1111,27440
20210406,1110,27425
20210406,1109,27385
20210406,1108,27430
20210406,1107,27425
20210406,1106,27440
20210406,1105,27445
20210406,1104,27425
20210406,1103,27425
20210406,1102,27435
20210406,1101,27455
20210406,1100,27475
20210406,1059,27445
20210406,1058,27445
20210406,1057,27440
20210406,1056,27430
20210406,1055,27465
20210406,1054,27435
20210406,1053,27500
20210406,1052,27525
20210406,1051,27535
20210406,1050,27535
20210406,1049,27570
20210406,1048,27585
20210406,1047,27610
20210406,1046,27590
20210406,1045,27590
20210406,1044,27645
20210406,1043,27635
20210406,1042,27640
20210406,1041,27650
20210406,1040,27650
20210406,1039,27655
20210406,1038,27675
20210406,1037,27670
20210406,1036,27640
20210406,1035,27650
20210406,1034,27665
20210406,1033,27670
20210406,1032,27660
20210406,1031,27640
20210406,1030,27640
20210406,1029,27630
20210406,1028,27640
20210406,1027,27650
20210406,1026,27665
20210406,1025,27670
20210406,1024,27705
20210406,1023,27700
20210406,1022,27695
20210406,1021,27705
20210406,1020,27710
20210406,1019,27685
20210406,1018,27680
20210406,1017,27690
20210406,1016,27700
20210406,1015,27700
20210406,1014,27680
20210406,1013,27700
20210406,1012,27700
20210406,1011,27715
20210406,1010,27730
20210406,1009,27730
20210406,1008,27760
20210406,1007,27785
20210406,1006,27795
20210406,1005,27785
20210406,1004,27795
20210406,1003,27790
20210406,1002,27805
20210406,1001,27795
20210406,1000,27810
20210406,0959,27775
20210406,0958,27795
20210406,0957,27795
20210406,0956,27810
20210406,0955,27800
20210406,0954,27830
20210406,0953,27835
20210406,0952,27850
20210406,0951,27865
20210406,0950,27870
20210406,0949,27860
20210406,0948,27865
20210406,0947,27875
20210406,0946,27860
20210406,0945,27845
20210406,0944,27850
20210406,0943,27850
20210406,0942,27860
20210406,0941,27880
20210406,0940,27870
20210406,0939,27900
20210406,0938,27915
20210406,0937,27900
20210406,0936,27885
20210406,0935,27885
20210406,0934,27890
20210406,0933,27880
20210406,0932,27875
20210406,0931,27865
20210406,0930,27875
20210406,0929,27910
20210406,0928,27880
20210406,0927,27890
20210406,0926,27885
20210406,0925,27885
20210406,0924,27880
20210406,0923,27890
20210406,0922,27935
20210406,0921,27930
20210406,0920,27910
20210406,0919,27920
20210406,0918,27940
20210406,0917,27900
20210406,0916,27870
20210406,0915,27855
20210406,0914,27850
20210406,0913,27840
20210406,0912,27855
20210406,0911,27850
20210406,0910,27840
20210406,0909,27840
20210406,0908,27845
20210406,0907,27835
20210406,0906,27850
20210406,0905,27885
20210406,0904,27865
20210406,0903,27845
20210406,0902,27830
20210406,0901,27850
20210406,0900,27885
20210407,1530,27755
20210407,1519,27755
20210407,1518,27755
20210407,1517,27755
20210407,1516,27750
20210407,1515,27750
20210407,1514,27750
20210407,1513,27745
20210407,1512,27750
20210407,1511,27740
20210407,1510,27725
20210407,1509,27730
20210407,1508,27730
20210407,1507,27725
20210407,1506,27745
20210407,1505,27740
20210407,1504,27745
20210407,1503,27750
20210407,1502,27755
20210407,1501,27760
20210407,1500,27765
20210407,1459,27760
20210407,1458,27755
20210407,1457,27755
20210407,1456,27755
20210407,1455,27760
20210407,1454,27755
20210407,1453,27750
20210407,1452,27745
20210407,1451,27760
20210407,1450,27770
20210407,1449,27770
20210407,1448,27770
20210407,1447,27770
20210407,1446,27760
20210407,1445,27775
20210407,1444,27780
20210407,1443,27780
20210407,1442,27770
20210407,1441,27760
20210407,1440,27775
20210407,1439,27770
20210407,1438,27775
20210407,1437,27760
20210407,1436,27755
20210407,1435,27740
20210407,1434,27735
20210407,1433,27735
20210407,1432,27730
20210407,1431,27740
20210407,1430,27740
20210407,1429,27745
20210407,1428,27740
20210407,1427,27740
20210407,1426,27740
20210407,1425,27740
20210407,1424,27735
20210407,1423,27735
20210407,1422,27730
20210407,1421,27710
20210407,1420,27705
20210407,1419,27700
20210407,1418,27690
20210407,1417,27700
20210407,1416,27705
20210407,1415,27720
20210407,1414,27735
20210407,1413,27740
20210407,1412,27745
20210407,1411,27715
20210407,1410,27710
20210407,1409,27715
20210407,1408,27720
20210407,1407,27715
20210407,1406,27695
20210407,1405,27710
20210407,1404,27730
20210407,1403,27730
20210407,1402,27745
20210407,1401,27740
20210407,1400,27750
20210407,1359,27745
20210407,1358,27740
20210407,1357,27745
20210407,1356,27755
20210407,1355,27755
20210407,1354,27750
20210407,1353,27760
20210407,1352,27755
20210407,1351,27755
20210407,1350,27760
20210407,1349,27745
20210407,1348,27745
20210407,1347,27735
20210407,1346,27720
20210407,1345,27715
20210407,1344,27730
20210407,1343,27740
20210407,1342,27735
20210407,1341,27740
20210407,1340,27735
20210407,1339,27735
20210407,1338,27725
20210407,1337,27725
20210407,1336,27730
20210407,1335,27740
20210407,1334,27745
20210407,1333,27725
20210407,1332,27730
20210407,1331,27735
20210407,1330,27720
20210407,1329,27710
20210407,1328,27700
20210407,1327,27700
20210407,1326,27690
20210407,1325,27710
20210407,1324,27695
20210407,1323,27700
20210407,1322,27720
20210407,1321,27725
20210407,1320,27725
20210407,1319,27730
20210407,1318,27720
20210407,1317,27730
20210407,1316,27725
20210407,1315,27735
20210407,1314,27755
20210407,1313,27765
20210407,1312,27780
20210407,1311,27765
20210407,1310,27755
20210407,1309,27755
20210407,1308,27740
20210407,1307,27745
20210407,1306,27740
20210407,1305,27740
20210407,1304,27750
20210407,1303,27755
20210407,1302,27755
20210407,1301,27740
20210407,1300,27730
20210407,1259,27745
20210407,1258,27745
20210407,1257,27735
20210407,1256,27730
20210407,1255,27710
20210407,1254,27735
20210407,1253,27730
20210407,1252,27735
20210407,1251,27750
20210407,1250,27745
20210407,1249,27735
20210407,1248,27725
20210407,1247,27725
20210407,1246,27730
20210407,1245,27725
20210407,1244,27725
20210407,1243,27715
20210407,1242,27720
20210407,1241,27735
20210407,1240,27720
20210407,1239,27730
20210407,1238,27735
20210407,1237,27730
20210407,1236,27730
20210407,1235,27720
20210407,1234,27740
20210407,1233,27740
20210407,1232,27745
20210407,1231,27750
20210407,1230,27735
20210407,1229,27720
20210407,1228,27720
20210407,1227,27720
20210407,1226,27720
20210407,1225,27700
20210407,1224,27705
20210407,1223,27715
20210407,1222,27710
20210407,1221,27705
20210407,1220,27710
20210407,1219,27695
20210407,1218,27695
20210407,1217,27685
20210407,1216,27680
20210407,1215,27680
20210407,1214,27700
20210407,1213,27685
20210407,1212,27680
20210407,1211,27675
20210407,1210,27665
20210407,1209,27635
20210407,1208,27635
20210407,1207,27630
20210407,1206,27605
20210407,1205,27595
20210407,1204,27610
20210407,1203,27615
20210407,1202,27630
20210407,1201,27630
20210407,1200,27655
20210407,1159,27630
20210407,1158,27625
20210407,1157,27660
20210407,1156,27675
20210407,1155,27675
20210407,1154,27685
20210407,1153,27670
20210407,1152,27690
20210407,1151,27695
20210407,1150,27700
20210407,1149,27705
20210407,1148,27710
20210407,1147,27705
20210407,1146,27695
20210407,1145,27690
20210407,1144,27725
20210407,1143,27720
20210407,1142,27730
20210407,1141,27710
20210407,1140,27740
20210407,1139,27720
20210407,1138,27710
20210407,1137,27710
20210407,1136,27725
20210407,1135,27700
20210407,1134,27710
20210407,1133,27680
20210407,1132,27670
20210407,1131,27680
20210407,1130,27645
20210407,1129,27645
20210407,1128,27665
20210407,1127,27645
20210407,1126,27665
20210407,1125,27680
20210407,1124,27705
20210407,1123,27715
20210407,1122,27750
20210407,1121,27770
20210407,1120,27770
20210407,1119,27780
20210407,1118,27770
20210407,1117,27790
20210407,1116,27780
20210407,1115,27800
20210407,1114,27800
20210407,1113,27790
20210407,1112,27765
20210407,1111,27780
20210407,1110,27775
20210407,1109,27775
20210407,1108,27785
20210407,1107,27780
20210407,1106,27770
20210407,1105,27770
20210407,1104,27775
20210407,1103,27775
20210407,1102,27780
20210407,1101,27775
20210407,1100,27770
20210407,1059,27755
20210407,1058,27750
20210407,1057,27755
20210407,1056,27780
20210407,1055,27745
20210407,1054,27755
20210407,1053,27730
20210407,1052,27715
20210407,1051,27705
20210407,1050,27725
20210407,1049,27725
20210407,1048,27735
20210407,1047,27750
20210407,1046,27770
20210407,1045,27790
20210407,1044,27785
20210407,1043,27790
20210407,1042,27835
20210407,1041,27865
20210407,1040,27880
20210407,1039,27870
20210407,1038,27905
20210407,1037,27900
20210407,1036,27895
20210407,1035,27895
20210407,1034,27905
20210407,1033,27925
20210407,1032,27950
20210407,1031,27940
20210407,1030,27965
20210407,1029,27975
20210407,1028,27975
20210407,1027,27955
20210407,1026,27945
20210407,1025,27930
20210407,1024,27945
20210407,1023,27945
20210407,1022,27955
20210407,1021,27945
20210407,1020,27950
20210407,1019,27930
20210407,1018,27925
20210407,1017,27915
20210407,1016,27930
20210407,1015,27935
20210407,1014,27930
20210407,1013,27920
20210407,1012,27885
20210407,1011,27885
20210407,1010,27850
20210407,1009,27850
20210407,1008,27855
20210407,1007,27865
20210407,1006,27845
20210407,1005,27845
20210407,1004,27865
20210407,1003,27820
20210407,1002,27795
20210407,1001,27790
20210407,1000,27830
20210407,0959,27815
20210407,0958,27810
20210407,0957,27795
20210407,0956,27790
20210407,0955,27785
20210407,0954,27765
20210407,0953,27775
20210407,0952,27780
20210407,0951,27775
20210407,0950,27760
20210407,0949,27765
20210407,0948,27780
20210407,0947,27780
20210407,0946,27785
20210407,0945,27795
20210407,0944,27795
20210407,0943,27775
20210407,0942,27770
20210407,0941,27795
20210407,0940,27765
20210407,0939,27765
20210407,0938,27815
20210407,0937,27825
20210407,0936,27825
20210407,0935,27825
20210407,0934,27810
20210407,0933,27825
20210407,0932,27795
20210407,0931,27770
20210407,0930,27735
20210407,0929,27765
20210407,0928,27775
20210407,0927,27790
20210407,0926,27780
20210407,0925,27775
20210407,0924,27815
20210407,0923,27850
20210407,0922,27875
20210407,0921,27880
20210407,0920,27860
20210407,0919,27815
20210407,0918,27790
20210407,0917,27750
20210407,0916,27765
20210407,0915,27770
20210407,0914,27800
20210407,0913,27780
20210407,0912,27755
20210407,0911,27740
20210407,0910,27725
20210407,0909,27710
20210407,0908,27715
20210407,0907,27770
20210407,0906,27745
20210407,0905,27755
20210407,0904,27760
20210407,0903,27710
20210407,0902,27675
20210407,0901,27690
20210407,0900,27705
20210408,1530,27760
20210408,1519,27785
20210408,1518,27760
20210408,1517,27755
20210408,1516,27755
20210408,1515,27770
20210408,1514,27770
20210408,1513,27770
20210408,1512,27765
20210408,1511,27775
20210408,1510,27780
20210408,1509,27780
20210408,1508,27780
20210408,1507,27780
20210408,1506,27785
20210408,1505,27785
20210408,1504,27775
20210408,1503,27765
20210408,1502,27765
20210408,1501,27770
20210408,1500,27755
20210408,1459,27790
20210408,1458,27795
20210408,1457,27795
20210408,1456,27790
20210408,1455,27810
20210408,1454,27830
20210408,1453,27825
20210408,1452,27820
20210408,1451,27820
20210408,1450,27815
20210408,1449,27820
20210408,1448,27815
20210408,1447,27795
20210408,1446,27790
20210408,1445,27770
20210408,1444,27755
20210408,1443,27755
20210408,1442,27765
20210408,1441,27775
20210408,1440,27780
20210408,1439,27770
20210408,1438,27775
20210408,1437,27780
20210408,1436,27795
20210408,1435,27800
20210408,1434,27785
20210408,1433,27800
20210408,1432,27790
20210408,1431,27785
20210408,1430,27795
20210408,1429,27795
20210408,1428,27795
20210408,1427,27780
20210408,1426,27775
20210408,1425,27775
20210408,1424,27770
20210408,1423,27785
20210408,1422,27780
20210408,1421,27775
20210408,1420,27765
20210408,1419,27760
20210408,1418,27755
20210408,1417,27740
20210408,1416,27735
20210408,1415,27715
20210408,1414,27710
20210408,1413,27705
20210408,1412,27695
20210408,1411,27715
20210408,1410,27715
20210408,1409,27720
20210408,1408,27720
20210408,1407,27720
20210408,1406,27705
20210408,1405,27720
20210408,1404,27725
20210408,1403,27725
20210408,1402,27710
20210408,1401,27705
20210408,1400,27685
20210408,1359,27675
20210408,1358,27675
20210408,1357,27665
20210408,1356,27660
20210408,1355,27665
20210408,1354,27650
20210408,1353,27645
20210408,1352,27640
20210408,1351,27645
20210408,1350,27635
20210408,1349,27620
20210408,1348,27620
20210408,1347,27595
20210408,1346,27610
20210408,1345,27590
20210408,1344,27610
20210408,1343,27615
20210408,1342,27630
20210408,1341,27645
20210408,1340,27650
20210408,1339,27650
20210408,1338,27640
20210408,1337,27640
20210408,1336,27635
20210408,1335,27635
20210408,1334,27630
20210408,1333,27625
20210408,1332,27645
20210408,1331,27625
20210408,1330,27610
20210408,1329,27625
20210408,1328,27630
20210408,1327,27640
20210408,1326,27660
20210408,1325,27680
20210408,1324,27685
20210408,1323,27670
20210408,1322,27670
20210408,1321,27675
20210408,1320,27690
20210408,1319,27700
20210408,1318,27690
20210408,1317,27685
20210408,1316,27695
20210408,1315,27700
20210408,1314,27705
20210408,1313,27705
20210408,1312,27710
20210408,1311,27710
20210408,1310,27710
20210408,1309,27710
20210408,1308,27720
20210408,1307,27720
20210408,1306,27710
20210408,1305,27720
20210408,1304,27715
20210408,1303,27715
20210408,1302,27710
20210408,1301,27705
20210408,1300,27705
20210408,1259,27675
20210408,1258,27670
20210408,1257,27675
20210408,1256,27660
20210408,1255,27665
20210408,1254,27655
20210408,1253,27665
20210408,1252,27665
20210408,1251,27690
20210408,1250,27685
20210408,1249,27705
20210408,1248,27725
20210408,1247,27740
20210408,1246,27740
20210408,1245,27740
20210408,1244,27735
20210408,1243,27745
20210408,1242,27750
20210408,1241,27735
20210408,1240,27745
20210408,1239,27750
20210408,1238,27750
20210408,1237,27755
20210408,1236,27760
20210408,1235,27765
20210408,1234,27775
20210408,1233,27770
20210408,1232,27765
20210408,1231,27760
20210408,1230,27760
20210408,1229,27755
20210408,1228,27750
20210408,1227,27760
20210408,1226,27760
20210408,1225,27775
20210408,1224,27770
20210408,1223,27770
20210408,1222,27770
20210408,1221,27770
20210408,1220,27775
20210408,1219,27785
20210408,1218,27785
20210408,1217,27800
20210408,1216,27795
20210408,1215,27800
20210408,1214,27805
20210408,1213,27790
20210408,1212,27800
20210408,1211,27810
20210408,1210,27800
20210408,1209,27800
20210408,1208,27795
20210408,1207,27810
20210408,1206,27800
20210408,1205,27805
20210408,1204,27800
20210408,1203,27810
20210408,1202,27810
20210408,1201,27810
20210408,1200,27815
20210408,1159,27815
20210408,1158,27815
20210408,1157,27800
20210408,1156,27790
20210408,1155,27780
20210408,1154,27775
20210408,1153,27765
20210408,1152,27765
20210408,1151,27765
20210408,1150,27760
20210408,1149,27760
20210408,1148,27755
20210408,1147,27780
20210408,1146,27800
20210408,1145,27785
20210408,1144,27780
20210408,1143,27780
20210408,1142,27780
20210408,1141,27750
20210408,1140,27745
20210408,1139,27740
20210408,1138,27740
20210408,1137,27735
20210408,1136,27730
20210408,1135,27725
20210408,1134,27735
20210408,1133,27740
20210408,1132,27740
20210408,1131,27740
20210408,1130,27735
20210408,1129,27745
20210408,1128,27750
20210408,1127,27750
20210408,1126,27740
20210408,1125,27740
20210408,1124,27730
20210408,1123,27730
20210408,1122,27725
20210408,1121,27720
20210408,1120,27710
20210408,1119,27710
20210408,1118,27705
20210408,1117,27705
20210408,1116,27705
20210408,1115,27710
20210408,1114,27730
20210408,1113,27725
20210408,1112,27715
20210408,1111,27715
20210408,1110,27725
20210408,1109,27690
20210408,1108,27675
20210408,1107,27660
20210408,1106,27660
20210408,1105,27660
20210408,1104,27665
20210408,1103,27670
20210408,1102,27665
20210408,1101,27655
20210408,1100,27665
20210408,1059,27660
20210408,1058,27680
20210408,1057,27680
20210408,1056,27705
20210408,1055,27710
20210408,1054,27715
20210408,1053,27715
20210408,1052,27710
20210408,1051,27720
20210408,1050,27740
20210408,1049,27725
20210408,1048,27730
20210408,1047,27730
20210408,1046,27740
20210408,1045,27755
20210408,1044,27730
20210408,1043,27730
20210408,1042,27725
20210408,1041,27735
20210408,1040,27725
20210408,1039,27735
20210408,1038,27715
20210408,1037,27710
20210408,1036,27695
20210408,1035,27695
20210408,1034,27700
20210408,1033,27670
20210408,1032,27675
20210408,1031,27680
20210408,1030,27675
20210408,1029,27685
20210408,1028,27685
20210408,1027,27685
20210408,1026,27675
20210408,1025,27670
20210408,1024,27665
20210408,1023,27645
20210408,1022,27635
20210408,1021,27625
20210408,1020,27610
20210408,1019,27610
20210408,1018,27625
20210408,1017,27625
20210408,1016,27615
20210408,1015,27605
20210408,1014,27605
20210408,1013,27585
20210408,1012,27610
20210408,1011,27630
20210408,1010,27630
20210408,1009,27630
20210408,1008,27635
20210408,1007,27640
20210408,1006,27610
20210408,1005,27620
20210408,1004,27635
20210408,1003,27615
20210408,1002,27615
20210408,1001,27615
20210408,1000,27600
20210408,0959,27595
20210408,0958,27590
20210408,0957,27575
20210408,0956,27560
20210408,0955,27575
20210408,0954,27590
20210408,0953,27575
20210408,0952,27585
20210408,0951,27610
20210408,0950,27620
20210408,0949,27610
20210408,0948,27570
20210408,0947,27570
20210408,0946,27580
20210408,0945,27570
20210408,0944,27545
20210408,0943,27520
20210408,0942,27510
20210408,0941,27500
20210408,0940,27510
20210408,0939,27510
20210408,0938,27495
20210408,0937,27520
20210408,0936,27510
20210408,0935,27525
20210408,0934,27535
20210408,0933,27530
20210408,0932,27525
20210408,0931,27505
20210408,0930,27500
20210408,0929,27530
20210408,0928,27535
20210408,0927,27540
20210408,0926,27530
20210408,0925,27515
20210408,0924,27500
20210408,0923,27495
20210408,0922,27500
20210408,0921,27490
20210408,0920,27490
20210408,0919,27485
20210408,0918,27505
20210408,0917,27490
20210408,0916,27510
20210408,0915,27520
20210408,0914,27535
20210408,0913,27510
20210408,0912,27505
20210408,0911,27510
20210408,0910,27505
20210408,0909,27525
20210408,0908,27575
20210408,0907,27510
20210408,0906,27500
20210408,0905,27495
20210408,0904,27510
20210408,0903,27530
20210408,0902,27580
20210408,0901,27615
20210408,0900,27670
20210409,1530,27455
20210409,1519,27445
20210409,1518,27445
20210409,1517,27425
20210409,1516,27435
20210409,1515,27420
20210409,1514,27425
20210409,1513,27420
20210409,1512,27440
20210409,1511,27440
20210409,1510,27425
20210409,1509,27435
20210409,1508,27445
20210409,1507,27430
20210409,1506,27430
20210409,1505,27400
20210409,1504,27435
20210409,1503,27415
20210409,1502,27400
20210409,1501,27400
20210409,1500,27400
20210409,1459,27360
20210409,1458,27380
20210409,1457,27375
20210409,1456,27365
20210409,1455,27375
20210409,1454,27380
20210409,1453,27370
20210409,1452,27380
20210409,1451,27360
20210409,1450,27340
20210409,1449,27335
20210409,1448,27350
20210409,1447,27365
20210409,1446,27380
20210409,1445,27400
20210409,1444,27390
20210409,1443,27450
20210409,1442,27445
20210409,1441,27430
20210409,1440,27435
20210409,1439,27425
20210409,1438,27460
20210409,1437,27450
20210409,1436,27450
20210409,1435,27455
20210409,1434,27470
20210409,1433,27485
20210409,1432,27470
20210409,1431,27505
20210409,1430,27525
20210409,1429,27530
20210409,1428,27540
20210409,1427,27500
20210409,1426,27510
20210409,1425,27525
20210409,1424,27505
20210409,1423,27490
20210409,1422,27485
20210409,1421,27525
20210409,1420,27535
20210409,1419,27540
20210409,1418,27525
20210409,1417,27515
20210409,1416,27520
20210409,1415,27535
20210409,1414,27530
20210409,1413,27550
20210409,1412,27535
20210409,1411,27535
20210409,1410,27560
20210409,1409,27555
20210409,1408,27575
20210409,1407,27585
20210409,1406,27595
20210409,1405,27570
20210409,1404,27570
20210409,1403,27590
20210409,1402,27610
20210409,1401,27615
20210409,1400,27595
20210409,1359,27585
20210409,1358,27595
20210409,1357,27590
20210409,1356,27595
20210409,1355,27610
20210409,1354,27615
20210409,1353,27615
20210409,1352,27615
20210409,1351,27600
20210409,1350,27615
20210409,1349,27605
20210409,1348,27590
20210409,1347,27595
20210409,1346,27615
20210409,1345,27640
20210409,1344,27640
20210409,1343,27640
20210409,1342,27655
20210409,1341,27650
20210409,1340,27660
20210409,1339,27660
20210409,1338,27645
20210409,1337,27655
20210409,1336,27635
20210409,1335,27640
20210409,1334,27645
20210409,1333,27650
20210409,1332,27625
20210409,1331,27615
20210409,1330,27630
20210409,1329,27630
20210409,1328,27625
20210409,1327,27635
20210409,1326,27650
20210409,1325,27650
20210409,1324,27665
20210409,1323,27665
20210409,1322,27660
20210409,1321,27650
20210409,1320,27620
20210409,1319,27635
20210409,1318,27650
20210409,1317,27635
20210409,1316,27680
20210409,1315,27685
20210409,1314,27650
20210409,1313,27650
20210409,1312,27645
20210409,1311,27640
20210409,1310,27645
20210409,1309,27650
20210409,1308,27640
20210409,1307,27645
20210409,1306,27635
20210409,1305,27640
20210409,1304,27655
20210409,1303,27650
20210409,1302,27670
20210409,1301,27665
20210409,1300,27650
20210409,1259,27645
20210409,1258,27665
20210409,1257,27660
20210409,1256,27665
20210409,1255,27675
20210409,1254,27665
20210409,1253,27655
20210409,1252,27630
20210409,1251,27650
20210409,1250,27650
20210409,1249,27655
20210409,1248,27655
20210409,1247,27645
20210409,1246,27635
20210409,1245,27630
20210409,1244,27655
20210409,1243,27650
20210409,1242,27650
20210409,1241,27675
20210409,1240,27630
20210409,1239,27645
20210409,1238,27615
20210409,1237,27600
20210409,1236,27600
20210409,1235,27615
20210409,1234,27600
20210409,1233,27575
20210409,1232,27545
20210409,1231,27585
20210409,1230,27595
20210409,1229,27605
20210409,1228,27590
20210409,1227,27590
20210409,1226,27595
20210409,1225,27580
20210409,1224,27560
20210409,1223,27560
20210409,1222,27565
20210409,1221,27575
20210409,1220,27595
20210409,1219,27590
20210409,1218,27580
20210409,1217,27590
20210409,1216,27555
20210409,1215,27545
20210409,1214,27510
20210409,1213,27490
20210409,1212,27520
20210409,1211,27520
20210409,1210,27515
20210409,1209,27530
20210409,1208,27490
20210409,1207,27495
20210409,1206,27505
20210409,1205,27515
20210409,1204,27505
20210409,1203,27490
20210409,1202,27475
20210409,1201,27495
20210409,1200,27505
20210409,1159,27530
20210409,1158,27565
20210409,1157,27545
20210409,1156,27560
20210409,1155,27555
20210409,1154,27580
20210409,1153,27595
20210409,1152,27585
20210409,1151,27585
20210409,1150,27615
20210409,1149,27635
20210409,1148,27610
20210409,1147,27635
20210409,1146,27635
20210409,1145,27600
20210409,1144,27630
20210409,1143,27600
20210409,1142,27590
20210409,1141,27595
20210409,1140,27570
20210409,1139,27605
20210409,1138,27590
20210409,1137,27595
20210409,1136,27615
20210409,1135,27600
20210409,1134,27575
20210409,1133,27560
20210409,1132,27560
20210409,1131,27545
20210409,1130,27520
20210409,1129,27520
20210409,1128,27515
20210409,1127,27525
20210409,1126,27525
20210409,1125,27495
20210409,1124,27475
20210409,1123,27465
20210409,1122,27480
20210409,1121,27465
20210409,1120,27430
20210409,1119,27435
20210409,1118,27440
20210409,1117,27460
20210409,1116,27420
20210409,1115,27440
20210409,1114,27465
20210409,1113,27480
20210409,1112,27500
20210409,1111,27505
20210409,1110,27575
20210409,1109,27620
20210409,1108,27640
20210409,1107,27635
20210409,1106,27630
20210409,1105,27630
20210409,1104,27660
20210409,1103,27635
20210409,1102,27630
20210409,1101,27620
20210409,1100,27605
20210409,1059,27630
20210409,1058,27625
20210409,1057,27620
20210409,1056,27605
20210409,1055,27595
20210409,1054,27585
20210409,1053,27595
20210409,1052,27580
20210409,1051,27565
20210409,1050,27565
20210409,1049,27580
20210409,1048,27595
20210409,1047,27590
20210409,1046,27605
20210409,1045,27570
20210409,1044,27585
20210409,1043,27595
20210409,1042,27600
20210409,1041,27620
20210409,1040,27605
20210409,1039,27580
20210409,1038,27590
20210409,1037,27570
20210409,1036,27545
20210409,1035,27565
20210409,1034,27620
20210409,1033,27605
20210409,1032,27610
20210409,1031,27620
20210409,1030,27630
20210409,1029,27625
20210409,1028,27625
20210409,1027,27590
20210409,1026,27560
20210409,1025,27560
20210409,1024,27585
20210409,1023,27575
20210409,1022,27595
20210409,1021,27590
20210409,1020,27580
20210409,1019,27590
20210409,1018,27610
20210409,1017,27615
20210409,1016,27630
20210409,1015,27670
20210409,1014,27670
20210409,1013,27645
20210409,1012,27675
20210409,1011,27695
20210409,1010,27680
20210409,1009,27680
20210409,1008,27670
20210409,1007,27665
20210409,1006,27630
20210409,1005,27625
20210409,1004,27605
20210409,1003,27590
20210409,1002,27600
20210409,1001,27655
20210409,1000,27665
20210409,0959,27675
20210409,0958,27680
20210409,0957,27665
20210409,0956,27625
20210409,0955,27620
20210409,0954,27645
20210409,0953,27640
20210409,0952,27610
20210409,0951,27600
20210409,0950,27615
20210409,0949,27660
20210409,0948,27655
20210409,0947,27675
20210409,0946,27695
20210409,0945,27710
20210409,0944,27740
20210409,0943,27720
20210409,0942,27730
20210409,0941,27740
20210409,0940,27740
20210409,0939,27745
20210409,0938,27770
20210409,0937,27730
20210409,0936,27705
20210409,0935,27740
20210409,0934,27760
20210409,0933,27750
20210409,0932,27745
20210409,0931,27790
20210409,0930,27775
20210409,0929,27755
20210409,0928,27755
20210409,0927,27750
20210409,0926,27730
20210409,0925,27700
20210409,0924,27720
20210409,0923,27715
20210409,0922,27675
20210409,0921,27675
20210409,0920,27665
20210409,0919,27740
20210409,0918,27730
20210409,0917,27725
20210409,0916,27740
20210409,0915,27770
20210409,0914,27805
20210409,0913,27795
20210409,0912,27845
20210409,0911,27885
20210409,0910,27895
20210409,0909,27905
20210409,0908,27940
20210409,0907,27955
20210409,0906,27935
20210409,0905,27895
20210409,0904,27830
20210409,0903,27780
20210409,0902,27795
20210409,0901,27800
20210409,0900,27780
